{
  "precision": 0.9186046511627907,
  "recall": 0.8061224489795918,
  "f1": 0.8586956521739131,
  "roc_auc": 0.9775147361983623,
  "pr_auc": 0.87487299490182,
  "confusion_matrix": [
    [
      56857,
      7
    ],
    [
      19,
      79
    ]
  ]
}