{
  "precision": 0.06097560975609756,
  "recall": 0.9183673469387755,
  "f1": 0.11435832274459974,
  "roc_auc": 0.9721687370080279,
  "pr_auc": 0.7159122424484009,
  "confusion_matrix": [
    [
      55478,
      1386
    ],
    [
      8,
      90
    ]
  ]
}